{"loss": [1.954634666442871, 1.7907947301864624, 1.5748283863067627, 1.3487868309020996, 1.1528809070587158, 0.9984634518623352, 0.8883752226829529, 0.8176066279411316, 0.7574068903923035, 0.684843897819519, 0.6463243961334229, 0.604905903339386, 0.5561572313308716, 0.5316720604896545, 0.49617618322372437, 0.4730515480041504, 0.4446128010749817, 0.41368886828422546, 0.4069598913192749, 0.37212440371513367, 0.3551764190196991, 0.3429398536682129, 0.3153688311576843, 0.306188702583313, 0.28895145654678345, 0.2751867473125458, 0.2748772203922272, 0.25234922766685486, 0.2569925785064697, 0.23943914473056793], "accuracy": [0.1923999935388565, 0.26197999715805054, 0.38697999715805054, 0.5110800266265869, 0.5968599915504456, 0.6521199941635132, 0.6886600255966187, 0.716759979724884, 0.7441800236701965, 0.7664399743080139, 0.7840999960899353, 0.7989199757575989, 0.8131399750709534, 0.8245800137519836, 0.8353000283241272, 0.8443199992179871, 0.8540999889373779, 0.8634999990463257, 0.8667399883270264, 0.8771799802780151, 0.8829799890518188, 0.8869799971580505, 0.8968799710273743, 0.8991600275039673, 0.9059600234031677, 0.9094799757003784, 0.9096800088882446, 0.9174200296401978, 0.9162399768829346, 0.9209200143814087], "val_loss": [2.1572415828704834, 1.761704683303833, 1.5210968255996704, 1.8886120319366455, 1.1134063005447388, 1.0788909196853638, 0.7990604043006897, 0.7466573715209961, 0.7584937810897827, 0.7163208723068237, 0.591903567314148, 0.5741989612579346, 0.6680306196212769, 0.6552075147628784, 0.6737267374992371, 0.5042315125465393, 0.6334646940231323, 0.591736912727356, 0.4670135974884033, 0.5111654996871948, 0.6575506925582886, 0.46588143706321716, 0.5063856840133667, 0.46242886781692505, 0.4194067120552063, 0.4449865221977234, 0.48084211349487305, 0.5048068165779114, 0.43847203254699707, 0.4858895242214203], "val_accuracy": [0.14374999701976776, 0.2906250059604645, 0.421875, 0.3843750059604645, 0.59375, 0.625, 0.7406250238418579, 0.7437499761581421, 0.75, 0.7906249761581421, 0.8031250238418579, 0.815625011920929, 0.78125, 0.784375011920929, 0.796875, 0.840624988079071, 0.7906249761581421, 0.793749988079071, 0.831250011920929, 0.831250011920929, 0.8500000238418579, 0.8374999761581421, 0.8656250238418579, 0.8531249761581421, 0.871874988079071, 0.8500000238418579, 0.8531249761581421, 0.8500000238418579, 0.8687499761581421, 0.859375], "verbose": 1, "epochs": 30, "steps": 1563}